Date,Adj Close,Close,High,Low,Open,Volume
,SMH,SMH,SMH,SMH,SMH,SMH
2024-01-17,173.3300323486328,174.63999938964844,174.92999267578125,171.49000549316406,174.47999572753906,6751200
2024-01-18,178.95751953125,180.30999755859375,180.5500030517578,177.41000366210938,179.6699981689453,11983800
2024-01-19,185.77597045898438,187.17999267578125,187.30999755859375,181.4199981689453,182.38999938964844,12742400
2024-01-22,186.6394500732422,188.0500030517578,189.97999572753906,186.47000122070312,188.80999755859375,8308900
2024-01-23,187.59225463867188,189.00999450683594,189.1699981689453,186.08999633789062,188.02000427246094,6031200
2024-01-24,190.9270477294922,192.3699951171875,195.3000030517578,190.02000427246094,191.2100067138672,14706600
2024-01-25,190.9270477294922,192.3699951171875,195.89999389648438,191.25,195.8000030517578,11109400
2024-01-26,186.85781860351562,188.27000427246094,190.47000122070312,187.6999969482422,189.16000366210938,9921900
2024-01-29,189.0512237548828,190.47999572753906,190.50999450683594,187.82000732421875,188.72000122070312,8035500
2024-01-30,187.17539978027344,188.58999633789062,190.89999389648438,187.67999267578125,190.11000061035156,6340100
2024-01-31,184.47579956054688,185.8699951171875,188.7100067138672,184.14999389648438,185.72999572753906,10827100
2024-02-01,186.16305541992188,187.57000732421875,188.10000610351562,185.0500030517578,186.72999572753906,6322500
2024-02-02,189.7856903076172,191.22000122070312,191.72999572753906,187.86000061035156,188.22000122070312,7865400
2024-02-05,193.48770141601562,194.9499969482422,195.72000122070312,191.44000244140625,193.5399932861328,8600500
2024-02-06,191.29428100585938,192.74000549316406,195.88999938964844,190.1199951171875,195.85000610351562,8505100
2024-02-07,195.1551055908203,196.6300048828125,196.7899932861328,192.41000366210938,193.6999969482422,7138800
2024-02-08,197.93408203125,199.42999267578125,200.86000061035156,196.82000732421875,197.57000732421875,8963800
2024-02-09,202.32093811035156,203.85000610351562,204.1999969482422,199.77000427246094,201.14999389648438,7642200
2024-02-12,201.536865234375,203.05999755859375,207.1199951171875,201.97000122070312,204.1999969482422,9718900
2024-02-13,197.80506896972656,199.3000030517578,201.55999755859375,196.2899932861328,197.1699981689453,11269600
2024-02-14,201.7750701904297,203.3000030517578,203.91000366210938,200.41000366210938,202.0,7932500
2024-02-15,201.10015869140625,202.6199951171875,204.74000549316406,202.00999450683594,204.60000610351562,7103400
2024-02-16,200.23667907714844,201.75,206.0800018310547,201.2100067138672,204.3300018310547,6273100
2024-02-20,196.2964630126953,197.77999877929688,200.75999450683594,194.64999389648438,200.27000427246094,11318400
2024-02-21,195.03599548339844,196.50999450683594,196.5399932861328,193.72000122070312,195.63999938964844,8624800
2024-02-22,208.35533142089844,209.92999267578125,210.6999969482422,206.3300018310547,207.17999267578125,12445700
2024-02-23,207.05516052246094,208.6199951171875,213.36000061035156,206.97000122070312,212.02999877929688,8526200
2024-02-26,208.77218627929688,210.35000610351562,211.6199951171875,208.8300018310547,210.60000610351562,7552200
2024-02-27,208.16676330566406,209.74000549316406,211.75999450683594,208.83999633789062,211.00999450683594,4969700
2024-02-28,205.854248046875,207.41000366210938,208.75,206.42999267578125,207.61000061035156,4505800
2024-02-29,210.3601837158203,211.9499969482422,212.55999755859375,208.7899932861328,209.8000030517578,6450600
2024-03-01,218.8857421875,220.5399932861328,221.32000732421875,213.97999572753906,214.1199951171875,10273300
2024-03-04,222.40911865234375,224.08999633789062,227.1300048828125,222.6699981689453,224.0,10905100
2024-03-05,219.00485229492188,220.66000366210938,223.22999572753906,218.2899932861328,222.36000061035156,10421000
2024-03-06,224.6521759033203,226.35000610351562,228.75999450683594,223.67999267578125,225.1300048828125,11245400
2024-03-07,232.41351318359375,234.1699981689453,234.91000366210938,229.4600067138672,229.72999572753906,13524400
2024-03-08,223.30238342285156,224.99000549316406,239.13999938964844,224.44000244140625,236.92999267578125,22519200
2024-03-11,219.3224334716797,220.97999572753906,223.8800048828125,219.02000427246094,222.13999938964844,12843800
2024-03-12,226.26002502441406,227.97000122070312,228.02000427246094,220.55999755859375,224.5500030517578,10410300
2024-03-13,221.78384399414062,223.4600067138672,225.8699951171875,221.14999389648438,225.8699951171875,9835800
2024-03-14,217.81385803222656,219.4600067138672,223.99000549316406,217.41000366210938,222.77999877929688,11440100
2024-03-15,216.20599365234375,217.83999633789062,220.3000030517578,215.92999267578125,216.94000244140625,11402000
2024-03-18,216.6427001953125,218.27999877929688,223.16000366210938,217.82000732421875,222.1699981689453,8671700
2024-03-19,216.1663055419922,217.8000030517578,218.85000610351562,212.82000732421875,215.72000122070312,10606900
2024-03-20,219.630126953125,221.2899932861328,221.6199951171875,216.8300018310547,218.85000610351562,9158100
2024-03-21,224.6124725341797,226.30999755859375,230.0500030517578,225.80999755859375,228.5800018310547,11728000
2024-03-22,225.93247985839844,227.63999938964844,229.25,225.22000122070312,225.60000610351562,5350200
2024-03-25,225.37669372558594,227.0800018310547,229.24000549316406,224.86000061035156,225.22000122070312,4938900
2024-03-26,223.2825164794922,224.97000122070312,229.4600067138672,224.75999450683594,228.8000030517578,6402500
2024-03-27,223.203125,224.88999938964844,226.83999633789062,221.49000549316406,226.58999633789062,7614700
2024-03-28,223.30238342285156,224.99000549316406,225.94000244140625,223.74000549316406,224.30999755859375,3763300
2024-04-01,226.23025512695312,227.94000244140625,230.9499969482422,225.5,225.5,7896800
2024-04-02,223.3222198486328,225.00999450683594,225.42999267578125,222.3800048828125,224.25,5995000
2024-04-03,224.21548461914062,225.91000366210938,227.52000427246094,222.67999267578125,222.72999572753906,5914900
2024-04-04,218.24063110351562,219.88999938964844,229.80999755859375,219.63999938964844,229.10000610351562,9294000
2024-04-05,220.96998596191406,222.63999938964844,224.07000732421875,219.61000061035156,221.22000122070312,8104000
2024-04-08,221.3868408203125,223.05999755859375,225.27999877929688,222.1699981689453,224.88999938964844,4215300
2024-04-09,222.41905212402344,224.10000610351562,225.9499969482422,220.0399932861328,225.36000061035156,5372300
2024-04-10,220.48367309570312,222.14999389648438,224.3800048828125,220.5,221.0,8164900
2024-04-11,225.60496520996094,227.30999755859375,227.57000732421875,221.67999267578125,223.47999572753906,7200600
2024-04-12,219.02468872070312,220.67999267578125,223.82000732421875,219.97000122070312,223.5,8741500
2024-04-15,215.72959899902344,217.36000061035156,224.97999572753906,216.61000061035156,223.75,6750400
2024-04-16,217.51611328125,219.16000366210938,220.36000061035156,216.47000122070312,217.3300018310547,6754900
2024-04-17,210.8068084716797,212.39999389648438,220.1199951171875,212.07000732421875,219.50999450683594,11726400
2024-04-18,207.06509399414062,208.6300048828125,212.25,207.36000061035156,210.97000122070312,10350600
2024-04-19,197.7157440185547,199.2100067138672,208.0,198.44000244140625,206.72000122070312,13584600
2024-04-22,201.49716186523438,203.02000427246094,204.3800048828125,199.14999389648438,200.97000122070312,9801700
2024-04-23,206.24131774902344,207.8000030517578,208.5800018310547,203.92999267578125,204.49000549316406,7300600
2024-04-24,206.4794921875,208.0399932861328,213.13999938964844,206.9499969482422,212.63999938964844,6564900
2024-04-25,210.60829162597656,212.1999969482422,213.67999267578125,205.75,207.08999633789062,8682200
2024-04-26,216.0074920654297,217.63999938964844,218.67999267578125,211.94000244140625,212.52999877929688,6365400
2024-04-29,216.74195861816406,218.3800048828125,218.61000061035156,214.89999389648438,217.47999572753906,4818000
2024-04-30,212.484130859375,214.08999633789062,219.6199951171875,214.08999633789062,217.33999633789062,4944800
2024-05-01,206.2909393310547,207.85000610351562,214.5399932861328,206.11000061035156,211.13999938964844,12945800
2024-05-02,210.43959045410156,212.02999877929688,212.74000549316406,207.30999755859375,211.3699951171875,6382500
2024-05-03,216.09681701660156,217.72999572753906,218.36000061035156,215.14999389648438,215.9199981689453,6379100
2024-05-06,220.99977111816406,222.6699981689453,222.67999267578125,218.22000122070312,219.3699951171875,5343100
2024-05-07,219.07432556152344,220.72999572753906,223.17999267578125,220.63999938964844,222.5500030517578,5067000
2024-05-08,219.73928833007812,221.39999389648438,221.86000061035156,218.6999969482422,218.9499969482422,5404300
2024-05-09,218.3299560546875,219.97999572753906,221.77000427246094,218.88999938964844,221.49000549316406,4023300
2024-05-10,221.6250457763672,223.3000030517578,225.44000244140625,222.42999267578125,222.9600067138672,6126600
2024-05-13,221.58534240722656,223.25999450683594,224.5500030517578,222.32000732421875,224.0,3972400
2024-05-14,225.37669372558594,227.0800018310547,227.3300018310547,222.24000549316406,222.94000244140625,5050500
2024-05-15,232.14553833007812,233.89999389648438,234.0,228.52999877929688,229.27000427246094,8212800
2024-05-16,230.4582977294922,232.1999969482422,235.11000061035156,232.08999633789062,233.85000610351562,6209600
2024-05-17,228.52291870117188,230.25,233.82000732421875,228.6199951171875,233.58999633789062,5241300
2024-05-20,233.23728942871094,235.0,236.0399932861328,230.88999938964844,231.47000122070312,4986400
2024-05-21,232.90975952148438,234.6699981689453,234.9199981689453,231.8699951171875,232.9600067138672,4396200
2024-05-22,234.8153533935547,236.58999633789062,237.22000122070312,233.99000549316406,236.91000366210938,8112700
2024-05-23,238.02113342285156,239.82000732421875,244.55999755859375,237.7899932861328,244.14999389648438,12401000
2024-05-24,242.42782592773438,244.25999450683594,244.44000244140625,240.2899932861328,241.52999877929688,4644700
2024-05-28,247.95603942871094,249.8300018310547,250.85000610351562,245.4600067138672,247.69000244140625,7703000
2024-05-29,243.80738830566406,245.64999389648438,246.97999572753906,244.07000732421875,246.10000610351562,7581300
2024-05-30,240.4527587890625,242.27000427246094,246.1300048828125,241.0800018310547,245.49000549316406,7087000
2024-05-31,238.67617797851562,240.47999572753906,244.02000427246094,234.25999450683594,243.3699951171875,12722800
2024-06-03,241.6536865234375,243.47999572753906,245.44000244140625,239.02000427246094,245.10000610351562,6312800
2024-06-04,240.78028869628906,242.60000610351562,243.6999969482422,240.10000610351562,243.3000030517578,5797000
2024-06-05,252.50169372558594,254.41000366210938,254.52999877929688,246.7100067138672,247.52999877929688,10950400
2024-06-06,250.51669311523438,252.41000366210938,255.9199981689453,250.25,255.52000427246094,9828200
2024-06-07,250.31820678710938,252.2100067138672,254.05999755859375,250.49000549316406,252.24000549316406,5470300
2024-06-10,253.94081115722656,255.86000061035156,256.7200012207031,250.0500030517578,251.10000610351562,6418000
2024-06-11,253.56365966796875,255.47999572753906,255.88999938964844,251.85000610351562,255.0,6117800
2024-06-12,261.1165771484375,263.0899963378906,264.54998779296875,259.760009765625,260.57000732421875,8051500
2024-06-13,265.2056579589844,267.2099914550781,268.1400146484375,263.9599914550781,266.7900085449219,7647200
2024-06-14,265.880615234375,267.8900146484375,268.5899963378906,264.6199951171875,265.3999938964844,6257000
2024-06-17,270.4361572265625,272.4800109863281,273.2099914550781,266.9200134277344,270.7099914550781,7502000
2024-06-18,274.6840515136719,276.760009765625,278.2699890136719,273.0199890136719,273.5199890136719,8241600
2024-06-20,266.9028625488281,268.9200134277344,279.57000732421875,267.0799865722656,279.2200012207031,14053800
2024-06-21,262.9031066894531,264.8900146484375,268.92999267578125,262.0199890136719,265.57000732421875,11653900
2024-06-24,253.86141967773438,255.77999877929688,263.0799865722656,255.72999572753906,261.5,10154100
2024-06-25,259.8064880371094,261.7699890136719,261.9100036621094,255.80999755859375,258.5199890136719,6592200
2024-06-26,258.95294189453125,260.9100036621094,263.07000732421875,257.75,261.6099853515625,5950300
2024-06-27,256.91827392578125,258.8599853515625,262.42999267578125,257.6400146484375,260.3999938964844,5738700
2024-06-28,258.7445068359375,260.70001220703125,266.3999938964844,258.9800109863281,260.4800109863281,7743300
2024-07-01,259.0522155761719,261.010009765625,261.3500061035156,255.66000366210938,261.0,6186000
2024-07-02,261.6525573730469,263.6300048828125,263.6600036621094,258.7099914550781,258.989990234375,4117100
2024-07-03,267.5976257324219,269.6199951171875,270.3999938964844,263.2799987792969,264.0899963378906,4633000
2024-07-05,267.69683837890625,269.7200012207031,272.04998779296875,268.04998779296875,271.2200012207031,6415200
2024-07-08,272.1531677246094,274.2099914550781,275.70001220703125,272.54998779296875,272.8399963378906,5832700
2024-07-09,272.7486572265625,274.80999755859375,277.6099853515625,272.1600036621094,276.2900085449219,5912800
2024-07-10,279.16021728515625,281.2699890136719,281.7300109863281,276.2900085449219,278.1300048828125,6181000
2024-07-11,268.9870910644531,271.0199890136719,283.07000732421875,270.0,283.0,12282300
2024-07-12,272.3913879394531,274.45001220703125,278.94000244140625,271.05999755859375,271.79998779296875,8392800
2024-07-15,271.7760009765625,273.8299865722656,277.4700012207031,272.0199890136719,276.4100036621094,7814800
2024-07-16,271.65692138671875,273.7099914550781,275.6300048828125,270.5400085449219,275.30999755859375,5638600
2024-07-17,252.31312561035156,254.22000122070312,264.0,253.85000610351562,263.7900085449219,15181900
2024-07-18,253.6232147216797,255.5399932861328,260.0,250.00999450683594,259.1300048828125,12807600
2024-07-19,246.27871704101562,248.13999938964844,255.2100067138672,247.7899932861328,254.86000061035156,8589500
2024-07-22,255.786865234375,257.7200012207031,257.8999938964844,251.61000061035156,253.0,10757900
2024-07-23,252.9483184814453,254.86000061035156,257.3699951171875,254.33999633789062,254.97999572753906,5869900
2024-07-24,239.1724395751953,240.97999572753906,251.32000732421875,240.33999633789062,250.58999633789062,11295000
2024-07-25,234.78558349609375,236.55999755859375,243.63999938964844,230.82000732421875,239.0,18765100
2024-07-26,238.5074462890625,240.30999755859375,242.32000732421875,238.17999267578125,242.22000122070312,7325600
2024-07-29,236.81028747558594,238.60000610351562,245.22999572753906,237.77000427246094,242.44000244140625,6745300
2024-07-30,227.74876403808594,229.47000122070312,240.7100067138672,228.3300018310547,240.22000122070312,12932100
2024-07-31,245.13735961914062,246.99000549316406,247.69000244140625,240.50999450683594,242.5,18412100
2024-08-01,229.27720642089844,231.00999450683594,246.8000030517578,227.89999389648438,244.0399932861328,17111600
2024-08-02,216.7915802001953,218.42999267578125,222.33999633789062,214.17999267578125,219.9199981689453,20261300
2024-08-05,211.70997619628906,213.30999755859375,218.5,200.49000549316406,200.97999572753906,18420800
2024-08-06,215.828857421875,217.4600067138672,222.8000030517578,212.63999938964844,216.5399932861328,15388800
2024-08-07,209.8837890625,211.47000122070312,226.10000610351562,211.00999450683594,224.69000244140625,13066500
2024-08-08,223.2229766845703,224.91000366210938,225.27000427246094,212.6999969482422,217.60000610351562,11407900
2024-08-09,223.16342163085938,224.85000610351562,226.49000549316406,221.38999938964844,224.6999969482422,7241700
2024-08-12,225.25759887695312,226.9600067138672,229.5500030517578,224.0500030517578,225.19000244140625,6751200
2024-08-13,234.41836547851562,236.19000244140625,236.3000030517578,228.8699951171875,230.5500030517578,7647400
2024-08-14,234.6168670654297,236.38999938964844,239.17999267578125,232.16000366210938,238.7100067138672,7187100
2024-08-15,244.52200317382812,246.3699951171875,247.33999633789062,239.52999877929688,240.8000030517578,8376800
2024-08-16,244.85946655273438,246.7100067138672,247.39999389648438,243.0,244.2100067138672,5194600
2024-08-19,249.45472717285156,251.33999633789062,251.39999389648438,243.2899932861328,245.7899932861328,5564300
2024-08-20,246.19932556152344,248.05999755859375,251.52999877929688,245.8699951171875,250.14999389648438,6578600
2024-08-21,248.7500457763672,250.6300048828125,251.8699951171875,247.8699951171875,248.60000610351562,4813700
2024-08-22,240.60162353515625,242.4199981689453,253.32000732421875,241.5399932861328,252.52000427246094,8007400
2024-08-23,246.52685546875,248.38999938964844,250.3300018310547,244.6999969482422,245.85000610351562,6933400
2024-08-26,240.75051879882812,242.57000732421875,248.5500030517578,241.1300048828125,247.49000549316406,6925200
2024-08-27,243.1721954345703,245.00999450683594,245.75,238.57000732421875,240.6699981689453,5534400
2024-08-28,239.08311462402344,240.88999938964844,245.67999267578125,237.82000732421875,244.5,8114000
2024-08-29,236.12545776367188,237.91000366210938,244.50999450683594,236.77999877929688,240.47000122070312,9256500
2024-08-30,241.6338348388672,243.4600067138672,244.60000610351562,239.3800048828125,242.4499969482422,8623800
2024-09-03,223.50086975097656,225.19000244140625,238.8699951171875,223.80999755859375,238.8699951171875,14466300
2024-09-04,222.9649200439453,224.64999389648438,228.5800018310547,221.4600067138672,221.8300018310547,8646300
2024-09-05,222.57785034179688,224.25999450683594,227.77000427246094,221.72999572753906,222.05999755859375,6535400
2024-09-06,213.38731384277344,215.0,223.6699981689453,213.57000732421875,223.35000610351562,12019300
2024-09-09,218.21084594726562,219.86000061035156,220.30999755859375,215.7899932861328,218.4600067138672,7933400
2024-09-10,220.27525329589844,221.94000244140625,222.13999938964844,216.4600067138672,220.6199951171875,7651600
2024-09-11,231.6492919921875,233.39999389648438,233.6999969482422,219.39999389648438,223.7899932861328,11148300
2024-09-12,232.14553833007812,233.89999389648438,235.9600067138672,229.9600067138672,232.9199981689453,8209500
2024-09-13,235.13296508789062,236.91000366210938,237.5500030517578,234.22000122070312,235.0,6405800
2024-09-16,232.04629516601562,233.8000030517578,235.0,230.8699951171875,233.38999938964844,5505200
2024-09-17,231.96688842773438,233.72000122070312,237.1300048828125,231.83999633789062,236.61000061035156,4722800
2024-09-18,229.3268280029297,231.05999755859375,237.83999633789062,230.7899932861328,234.88999938964844,7299800
2024-09-19,239.28160095214844,241.08999633789062,243.85000610351562,238.30999755859375,239.97000122070312,11254200
2024-09-20,236.1155242919922,237.89999389648438,239.64999389648438,234.9600067138672,238.8000030517578,8183300
2024-09-23,237.15765380859375,238.9499969482422,239.82000732421875,237.1199951171875,238.80999755859375,3781400
2024-09-24,241.57427978515625,243.39999389648438,244.3800048828125,238.27999877929688,241.0800018310547,5435900
2024-09-25,243.69822692871094,245.5399932861328,247.0800018310547,242.8000030517578,243.22999572753906,4978300
2024-09-26,250.72511291503906,252.6199951171875,255.99000549316406,247.3699951171875,255.5,10082100
2024-09-27,245.88172912597656,247.74000549316406,253.2100067138672,246.1199951171875,253.19000244140625,7128600
2024-09-30,243.60890197753906,245.4499969482422,247.00999450683594,241.8699951171875,244.14999389648438,6252500
2024-10-01,237.08819580078125,238.8800048828125,246.5800018310547,237.0,245.6300048828125,7751800
2024-10-02,240.50238037109375,242.32000732421875,244.4499969482422,237.58999633789062,239.1699981689453,5842600
2024-10-03,242.7156524658203,244.5500030517578,247.14999389648438,241.33999633789062,241.5500030517578,5926900
2024-10-04,245.9611358642578,247.82000732421875,249.2100067138672,244.3300018310547,249.2100067138672,5771300
2024-10-07,246.35812377929688,248.22000122070312,250.60000610351562,246.30999755859375,246.52999877929688,4958800
2024-10-08,250.62586975097656,252.52000427246094,253.1699981689453,247.8800048828125,249.16000366210938,4435300
2024-10-09,253.23614501953125,255.14999389648438,255.41000366210938,250.2100067138672,252.99000549316406,4063400
2024-10-10,252.73988342285156,254.64999389648438,255.8699951171875,251.0,252.50999450683594,4044600
2024-10-11,254.76458740234375,256.69000244140625,257.29998779296875,253.60000610351562,253.61000061035156,4202900
2024-10-14,259.3201904296875,261.2799987792969,262.260009765625,258.4200134277344,258.5199890136719,4608600
2024-10-15,245.3060760498047,247.16000366210938,262.1099853515625,245.5800018310547,261.0,14128900
2024-10-16,245.46487426757812,247.32000732421875,249.8300018310547,245.5,249.8300018310547,5692300
2024-10-17,249.6929168701172,251.5800018310547,256.1700134277344,251.5,255.17999267578125,6745000
2024-10-18,249.62342834472656,251.50999450683594,253.52000427246094,250.86000061035156,253.5,3720700
2024-10-21,250.94346618652344,252.83999633789062,253.0500030517578,249.49000549316406,251.0,3923400
2024-10-22,249.80209350585938,251.69000244140625,252.49000549316406,249.6699981689453,251.3300018310547,3629100
2024-10-23,247.14218139648438,249.00999450683594,251.6699981689453,245.83999633789062,250.4499969482422,4971600
2024-10-24,248.184326171875,250.05999755859375,251.1999969482422,248.1999969482422,250.8699951171875,2595500
2024-10-25,251.0625762939453,252.9600067138672,256.54998779296875,252.3000030517578,252.49000549316406,6835900
2024-10-28,249.32569885253906,251.2100067138672,253.0500030517578,251.0,252.77000427246094,3557300
2024-10-29,254.9928741455078,256.9200134277344,258.3299865722656,250.86000061035156,251.89999389648438,5392800
2024-10-30,248.79965209960938,250.67999267578125,253.0,249.4499969482422,251.74000549316406,5348400
2024-10-31,239.86717224121094,241.67999267578125,248.27000427246094,240.27999877929688,248.27000427246094,9464700
2024-11-01,242.91415405273438,244.75,247.2899932861328,243.35000610351562,244.19000244140625,5521000
2024-11-04,242.43775939941406,244.27000427246094,247.50999450683594,243.41000366210938,245.30999755859375,5199200
2024-11-05,246.44744873046875,248.30999755859375,249.0399932861328,245.0800018310547,245.25,4344200
2024-11-06,252.898681640625,254.80999755859375,255.69000244140625,250.2100067138672,252.2899932861328,7284400
2024-11-07,259.0621032714844,261.0199890136719,261.1499938964844,258.1400146484375,258.3900146484375,5370200
2024-11-08,257.39471435546875,259.3399963378906,261.8800048828125,257.9200134277344,260.760009765625,3915600
2024-11-11,251.6282958984375,253.52999877929688,258.04998779296875,250.99000549316406,257.9200134277344,7667300
2024-11-12,249.9708251953125,251.86000061035156,253.57000732421875,248.86000061035156,253.10000610351562,6574000
2024-11-13,245.77255249023438,247.6300048828125,251.17999267578125,247.22000122070312,250.64999389648438,5537900
2024-11-14,246.3184051513672,248.17999267578125,250.9600067138672,247.3800048828125,249.55999755859375,4607600
2024-11-15,238.150146484375,239.9499969482422,244.57000732421875,238.8000030517578,244.1699981689453,9499700
2024-11-18,239.7282257080078,241.5399932861328,242.1699981689453,237.38999938964844,239.02999877929688,7696500
2024-11-19,242.34841918945312,244.17999267578125,244.27000427246094,240.60000610351562,241.10000610351562,4505200
2024-11-20,240.72071838378906,242.5399932861328,243.75,238.64999389648438,243.3300018310547,7585600
2024-11-21,244.2540283203125,246.10000610351562,248.19000244140625,239.60000610351562,245.52000427246094,8825400
2024-11-22,242.78512573242188,244.6199951171875,246.63999938964844,243.30999755859375,245.97000122070312,4746300
2024-11-25,241.83233642578125,243.66000366210938,246.35000610351562,242.27999877929688,246.35000610351562,4562700
2024-11-26,239.609130859375,241.4199981689453,246.1199951171875,239.88999938964844,245.82000732421875,4996500
2024-11-27,236.46290588378906,238.25,239.8000030517578,234.1699981689453,239.66000366210938,6911600
2024-11-29,240.31381225585938,242.1300048828125,244.49000549316406,239.58999633789062,240.0,5607400
2024-12-02,246.0107421875,247.8699951171875,249.14999389648438,243.35000610351562,243.35000610351562,8070300
2024-12-03,246.55662536621094,248.4199981689453,248.67999267578125,245.92999267578125,246.92999267578125,3227300
2024-12-04,250.7350616455078,252.6300048828125,253.07000732421875,249.32000732421875,252.22999572753906,5457400
2024-12-05,246.43753051757812,248.3000030517578,252.16000366210938,247.5800018310547,251.88999938964844,3872100
2024-12-06,246.7451934814453,248.61000061035156,249.4199981689453,247.2100067138672,247.8800048828125,3885300
2024-12-09,244.22425842285156,246.07000732421875,248.9600067138672,244.92999267578125,246.22000122070312,4532600
2024-12-10,238.0806884765625,239.8800048828125,247.14999389648438,238.3699951171875,246.42999267578125,6402400
2024-12-11,243.90664672851562,245.75,247.0399932861328,241.72999572753906,243.64999389648438,5588400
2024-12-12,241.54449462890625,243.3699951171875,244.63999938964844,241.92999267578125,244.00999450683594,3979300
2024-12-13,247.6186065673828,249.49000549316406,251.6300048828125,246.0500030517578,249.52000427246094,8628300
2024-12-16,251.3503875732422,253.25,254.36000061035156,248.9199981689453,250.5,4893000
2024-12-17,248.0850830078125,249.9600067138672,251.1699981689453,248.02999877929688,250.47999572753906,4027800
2024-12-18,240.17486572265625,241.99000549316406,254.47000122070312,240.4499969482422,252.16000366210938,8125800
2024-12-19,237.07826232910156,238.8699951171875,243.25,238.35000610351562,243.0,6893100
2024-12-20,240.8894500732422,242.7100067138672,245.25999450683594,236.5399932861328,237.39999389648438,6909300
2024-12-23,248.44692993164062,249.22000122070312,249.58999633789062,243.52999877929688,243.52999877929688,6650100
2024-12-24,250.5902557373047,251.3699951171875,251.3699951171875,249.3800048828125,250.44000244140625,2097400
2024-12-26,250.15162658691406,250.92999267578125,252.38999938964844,248.8800048828125,250.4199981689453,2169300
2024-12-27,247.6294708251953,248.39999389648438,250.07000732421875,245.16000366210938,249.27999877929688,3812300
2024-12-30,243.9010772705078,244.66000366210938,247.35000610351562,242.72999572753906,244.6199951171875,3532100
2024-12-31,241.41879272460938,242.1699981689453,246.0500030517578,241.39999389648438,245.50999450683594,3071800
2025-01-02,244.03067016601562,244.7899932861328,247.75,242.25,244.52000427246094,4464000
2025-01-03,251.09869384765625,251.8800048828125,252.3300018310547,246.67999267578125,247.0,4994400
2025-01-06,259.42279052734375,260.2300109863281,263.2900085449219,258.5,258.6700134277344,10533200
2025-01-07,253.25196838378906,254.0399932861328,263.5799865722656,253.0500030517578,263.4200134277344,7661100
2025-01-08,251.4475860595703,252.22999572753906,254.3300018310547,249.50999450683594,253.55999755859375,5189500
2025-01-10,246.4132537841797,247.17999267578125,249.58999633789062,244.9199981689453,249.41000366210938,6901500
2025-01-13,243.88113403320312,244.63999938964844,244.92999267578125,240.6199951171875,241.07000732421875,6007500
2025-01-14,244.6786651611328,245.44000244140625,248.3800048828125,242.38999938964844,247.72999572753906,3791500
2025-01-15,250.43077087402344,251.2100067138672,252.07000732421875,247.6999969482422,249.25,5316800
2025-01-16,251.5074005126953,252.2899932861328,257.20001220703125,252.14999389648438,257.1099853515625,5696100
2025-01-17,257.44891357421875,258.25,258.67999267578125,255.61000061035156,257.9800109863281,5387300
2025-01-21,261.5760803222656,262.3900146484375,264.32000732421875,258.45001220703125,260.79998779296875,4923000
2025-01-22,266.3412780761719,267.1700134277344,269.6600036621094,265.1400146484375,266.0,6616500
2025-01-23,266.0222473144531,266.8500061035156,266.8599853515625,261.8999938964844,263.0199890136719,4704900
2025-01-24,260.71875,261.5299987792969,267.42999267578125,260.6199951171875,267.3999938964844,5119900
2025-01-27,235.07852172851562,235.80999755859375,245.0800018310547,232.24000549316406,242.47999572753906,21944900
2025-01-28,239.70413208007812,240.4499969482422,241.02999877929688,232.25999450683594,237.88999938964844,11707300
2025-01-29,238.7869873046875,239.52999877929688,242.4499969482422,236.63999938964844,242.41000366210938,8366000
2025-01-30,244.4095001220703,245.1699981689453,245.85000610351562,240.6699981689453,243.4199981689453,7676300
2025-01-31,242.8643035888672,243.6199951171875,251.4600067138672,242.9199981689453,246.1699981689453,8009900
2025-02-03,238.03932189941406,238.77999877929688,241.63999938964844,235.1199951171875,235.97000122070312,7479600
2025-02-04,240.72097778320312,241.47000122070312,242.6199951171875,238.5800018310547,238.80999755859375,4579000
2025-02-05,246.37338256835938,247.13999938964844,247.5,240.39999389648438,242.1199951171875,4811100
2025-02-06,247.5796356201172,248.35000610351562,248.42999267578125,245.61000061035156,247.17999267578125,4877200
2025-02-07,244.24002075195312,245.0,250.64999389648438,243.47999572753906,249.55999755859375,7258900
2025-02-10,248.84568786621094,249.6199951171875,250.2899932861328,247.0,247.0,4231300
2025-02-11,249.09490966796875,249.8699951171875,251.0399932861328,247.41000366210938,247.6999969482422,3134900
2025-02-12,247.7391357421875,248.50999450683594,248.74000549316406,244.5399932861328,245.6999969482422,4212800
2025-02-13,251.1385498046875,251.9199981689453,252.08999633789062,247.7899932861328,248.0,4486100
2025-02-14,251.7965087890625,252.5800018310547,253.22000122070312,250.6300048828125,252.0,4279500
2025-02-18,255.4252166748047,256.2200012207031,257.20001220703125,253.33999633789062,254.72000122070312,6361400
2025-02-19,256.541748046875,257.3399963378906,258.3800048828125,253.8800048828125,255.97999572753906,3025400
2025-02-20,257.00030517578125,257.79998779296875,259.6300048828125,254.9199981689453,258.07000732421875,4401700
2025-02-21,249.2145538330078,249.99000549316406,258.70001220703125,249.19000244140625,258.3500061035156,7578500
2025-02-24,242.6649169921875,243.4199981689453,252.05999755859375,243.27999877929688,251.3000030517578,7518000
2025-02-25,237.51095581054688,238.25,243.77999877929688,237.33999633789062,242.7100067138672,7658600
2025-02-26,243.06369018554688,243.82000732421875,246.1199951171875,240.89999389648438,241.60000610351562,6675900
2025-02-27,228.08029174804688,228.7899932861328,246.3800048828125,228.6999969482422,246.07000732421875,10520600
2025-02-28,232.04795837402344,232.77000427246094,233.77999877929688,225.6300048828125,228.3699951171875,8654700
2025-03-03,222.3182373046875,223.00999450683594,235.3699951171875,220.9499969482422,235.3699951171875,10001200
2025-03-04,224.53134155273438,225.22999572753906,230.8000030517578,218.0500030517578,222.4600067138672,12563100
2025-03-05,228.6884002685547,229.39999389648438,230.2100067138672,223.47000122070312,227.82000732421875,6799400
2025-03-06,219.09825134277344,219.77999877929688,226.16000366210938,219.07000732421875,221.97999572753906,9155200
2025-03-07,224.39178466796875,225.08999633789062,225.75,217.07000732421875,220.60000610351562,9426800
2025-03-10,213.86453247070312,214.52999877929688,221.2899932861328,211.50999450683594,219.57000732421875,9616500
2025-03-11,213.5554962158203,214.22000122070312,219.02000427246094,210.4600067138672,215.2100067138672,7381300
2025-03-12,219.83596801757812,220.52000427246094,222.9499969482422,218.17999267578125,220.32000732421875,8710800
2025-03-13,218.8689727783203,219.5500030517578,223.8800048828125,217.80999755859375,220.77999877929688,5126800
2025-03-14,225.86720275878906,226.57000732421875,226.9600067138672,223.27999877929688,223.35000610351562,5100700
2025-03-17,228.24978637695312,228.9600067138672,231.0399932861328,226.02000427246094,226.22999572753906,5192200
2025-03-18,224.72076416015625,225.4199981689453,227.77000427246094,223.8800048828125,226.6300048828125,5196700
2025-03-19,226.70458984375,227.41000366210938,231.02000427246094,223.77999877929688,225.4199981689453,4932500
2025-03-20,226.345703125,227.0500030517578,229.00999450683594,224.88999938964844,225.13999938964844,3654700
2025-03-21,224.07278442382812,224.77000427246094,225.61000061035156,221.41000366210938,222.77000427246094,6319300
2025-03-24,229.9145965576172,230.6300048828125,232.4199981689453,229.10000610351562,229.1999969482422,6503200
2025-03-25,228.93763732910156,229.64999389648438,230.66000366210938,228.85000610351562,230.4499969482422,3451800
2025-03-26,221.3213348388672,222.00999450683594,228.8000030517578,220.0500030517578,228.39999389648438,9591100
2025-03-27,217.07455444335938,217.75,220.6999969482422,216.57000732421875,219.0500030517578,9072500
2025-03-28,211.51185607910156,212.1699981689453,218.0399932861328,211.0500030517578,216.8000030517578,8722100
2025-03-31,210.81402587890625,211.47000122070312,211.69000244140625,204.50999450683594,207.3300018310547,9477200
2025-04-01,211.83087158203125,212.49000549316406,212.5399932861328,207.25999450683594,210.9600067138672,6151300
2025-04-02,213.4259033203125,214.08999633789062,216.61000061035156,208.47000122070312,208.9600067138672,7096200
2025-04-03,194.96336364746094,195.57000732421875,204.49000549316406,195.33999633789062,202.69000244140625,14299000
2025-04-04,180.23916625976562,180.8000030517578,190.2899932861328,178.22999572753906,188.6999969482422,22160100
2025-04-07,184.32644653320312,184.89999389648438,194.8300018310547,170.11000061035156,173.49000549316406,25600300
2025-04-08,179.3917999267578,179.9499969482422,195.72000122070312,176.0500030517578,192.99000549316406,19097600
2025-04-09,210.176025390625,210.8300018310547,212.80999755859375,180.27000427246094,181.75999450683594,22178500
2025-04-10,195.60137939453125,196.2100067138672,202.5,189.0399932861328,201.3800048828125,18282500
2025-04-11,200.685546875,201.30999755859375,201.94000244140625,193.6999969482422,195.6999969482422,10156300
2025-04-14,200.984619140625,201.61000061035156,206.77999877929688,198.77000427246094,206.6199951171875,9843300
2025-04-15,202.29055786132812,202.9199981689453,205.13999938964844,201.94000244140625,202.6699981689453,5097800
2025-04-16,193.7471466064453,194.35000610351562,196.75999450683594,188.52999877929688,193.16000366210938,13067200
2025-04-17,191.9327850341797,192.52999877929688,196.0,191.0,195.82000732421875,7067400
2025-04-21,187.2473602294922,187.8300018310547,189.38999938964844,184.39999389648438,188.89999389648438,9572700
2025-04-22,191.3047332763672,191.89999389648438,193.3000030517578,188.9600067138672,190.35000610351562,7242700
2025-04-23,198.29299926757812,198.91000366210938,203.0800018310547,198.0800018310547,201.5800018310547,11495800
2025-04-24,208.32179260253906,208.97000122070312,209.27999877929688,202.17999267578125,203.22000122070312,9696200
2025-04-25,211.31248474121094,211.97000122070312,213.2899932861328,206.5,207.17999267578125,7487400
2025-04-28,209.99656677246094,210.64999389648438,212.2100067138672,206.39999389648438,210.88999938964844,5804900
2025-04-29,209.63768005371094,210.2899932861328,212.25,208.52000427246094,209.3300018310547,4506200
2025-04-30,210.62461853027344,211.27999877929688,211.74000549316406,203.88999938964844,205.02000427246094,5974400
2025-05-01,211.64146423339844,212.3000030517578,216.52999877929688,212.11000061035156,214.92999267578125,6878200
2025-05-02,218.3505859375,219.02999877929688,220.9199981689453,217.24000549316406,217.99000549316406,6522200
2025-05-05,216.9349822998047,217.61000061035156,219.60000610351562,216.89999389648438,217.02999877929688,4536000
2025-05-06,214.92124938964844,215.58999633789062,217.44000244140625,212.83999633789062,213.64999389648438,5019400
2025-05-07,219.33750915527344,220.02000427246094,220.9199981689453,214.19000244140625,215.72000122070312,9068800
2025-05-08,221.2615203857422,221.9499969482422,224.83999633789062,220.10000610351562,222.85000610351562,5919200
2025-05-09,222.70701599121094,223.39999389648438,225.36000061035156,221.99000549316406,224.52999877929688,3495500
2025-05-12,236.67356872558594,237.41000366210938,238.6699981689453,234.0500030517578,236.72000122070312,9246900
2025-05-13,244.79827880859375,245.55999755859375,246.69000244140625,238.60000610351562,239.0500030517578,8665600
2025-05-14,247.2207489013672,247.99000549316406,249.44000244140625,245.60000610351562,247.64999389648438,7439600
2025-05-15,246.36341857910156,247.1300048828125,249.0,244.0800018310547,245.75,6446300
2025-05-16,245.65562438964844,246.4199981689453,247.61000061035156,244.1199951171875,247.5399932861328,3800100
2025-05-19,245.24688720703125,246.00999450683594,246.5,241.2899932861328,241.39999389648438,4196100
2025-05-20,244.77833557128906,245.5399932861328,245.61000061035156,242.8800048828125,243.8699951171875,3115200
2025-05-21,240.72097778320312,241.47000122070312,248.5800018310547,240.02000427246094,243.3300018310547,6392500
2025-05-22,240.06301879882812,240.80999755859375,243.61000061035156,240.32000732421875,241.02999877929688,5185500
2025-05-23,236.70347595214844,237.44000244140625,238.86000061035156,234.58999633789062,235.22999572753906,6577200
2025-05-27,244.21011352539062,244.97000122070312,245.69000244140625,240.66000366210938,242.49000549316406,8858900
2025-05-28,241.60821533203125,242.36000061035156,246.2100067138672,241.91000366210938,245.2899932861328,10739500
2025-05-29,243.3228759765625,244.0800018310547,249.2100067138672,242.6999969482422,249.0,9120100
2025-05-30,239.0063018798828,239.75,243.22999572753906,235.3699951171875,243.22999572753906,11064700
2025-06-02,242.54530334472656,243.3000030517578,244.02999877929688,238.9600067138672,239.17999267578125,4719900
2025-06-03,248.0182647705078,248.7899932861328,249.1699981689453,242.35000610351562,243.47999572753906,7518700
2025-06-04,250.96908569335938,251.75,252.61000061035156,248.36000061035156,250.57000732421875,7258700
2025-06-05,250.52047729492188,251.3000030517578,256.05999755859375,249.75999450683594,253.74000549316406,8054100
2025-06-06,251.946044921875,252.72999572753906,255.58999633789062,252.63999938964844,253.5399932861328,5589700
2025-06-09,256.16290283203125,256.9599914550781,259.8699951171875,255.0,255.0,10841400
2025-06-10,261.257080078125,262.07000732421875,262.67999267578125,257.4599914550781,258.3599853515625,9763000
2025-06-11,261.0676574707031,261.8800048828125,264.9100036621094,259.69000244140625,263.6000061035156,12286000
2025-06-12,262.3337097167969,263.1499938964844,264.0,260.05999755859375,260.05999755859375,6781900
2025-06-13,256.19281005859375,256.989990234375,260.6000061035156,256.04998779296875,257.54998779296875,11950200
2025-06-16,262.5630187988281,263.3800048828125,265.04998779296875,259.7799987792969,259.9599914550781,7497700
2025-06-17,260.778564453125,261.5899963378906,265.5299987792969,261.3599853515625,262.44000244140625,7284700
2025-06-18,261.77545166015625,262.5899963378906,264.9100036621094,260.989990234375,262.7799987792969,7367400
2025-06-20,259.462646484375,260.2699890136719,265.0199890136719,257.2200012207031,264.8500061035156,11439900
2025-06-23,261.1075439453125,261.9200134277344,262.6600036621094,257.1199951171875,259.8500061035156,10420100
2025-06-24,270.69769287109375,271.5400085449219,271.6199951171875,265.739990234375,265.92999267578125,9035500
2025-06-25,274.3463439941406,275.20001220703125,275.2699890136719,272.45001220703125,273.2200012207031,8480000
2025-06-26,276.34014892578125,277.20001220703125,277.95001220703125,274.95001220703125,277.0799865722656,6789000
2025-06-27,277.5563659667969,278.4200134277344,280.5,275.6400146484375,278.17999267578125,8170900
2025-06-30,278.0149230957031,278.8800048828125,279.9599914550781,277.1000061035156,279.70001220703125,6375800
2025-07-01,274.9843444824219,275.8399963378906,278.05999755859375,272.1600036621094,276.79998779296875,8931300
2025-07-02,280.3775634765625,281.25,281.9200134277344,274.6600036621094,274.82000732421875,8713800
2025-07-03,282.740234375,283.6199951171875,285.19000244140625,282.30999755859375,282.82000732421875,4443000
2025-07-07,278.8922119140625,279.760009765625,282.6400146484375,278.54998779296875,281.760009765625,8616400
2025-07-08,282.6006774902344,283.4800109863281,284.7300109863281,280.70001220703125,281.6099853515625,8186500
2025-07-09,284.53466796875,285.4200134277344,287.8399963378906,283.57000732421875,284.7300109863281,6810700
2025-07-10,286.62811279296875,287.5199890136719,288.19000244140625,284.55999755859375,287.8900146484375,5635200
2025-07-11,286.59820556640625,287.489990234375,288.94000244140625,285.54998779296875,286.4700012207031,5677000
2025-07-14,284.4349670410156,285.32000732421875,286.5199890136719,281.739990234375,286.29998779296875,7455800
2025-07-15,289.89794921875,290.79998779296875,293.20001220703125,290.0799865722656,291.6700134277344,9892500
2025-07-16,288.3826599121094,289.2799987792969,289.57000732421875,283.1300048828125,288.5,10065900
2025-07-17,290.80511474609375,291.7099914550781,292.55999755859375,287.9800109863281,290.04998779296875,6998300
2025-07-18,289.40948486328125,290.30999755859375,293.3299865722656,289.3299865722656,292.9100036621094,5522100
2025-07-21,289.6088562011719,290.510009765625,293.5299987792969,290.3999938964844,290.6700134277344,5910900
2025-07-22,284.48480224609375,285.3699951171875,289.8399963378906,282.1199951171875,289.739990234375,11537500
2025-07-23,285.720947265625,286.6099853515625,286.6700134277344,282.989990234375,285.29998779296875,8194600
2025-07-24,286.9072570800781,287.79998779296875,288.2699890136719,284.9200134277344,287.19000244140625,5902600
2025-07-25,286.59820556640625,287.489990234375,288.0400085449219,285.05999755859375,286.2300109863281,4014900
2025-07-28,290.5060729980469,291.4100036621094,291.57000732421875,289.2900085449219,289.7799987792969,5671900
2025-07-29,291.9914245605469,292.8999938964844,296.7300109863281,291.4800109863281,293.55999755859375,6968700
2025-07-30,295.3410339355469,296.260009765625,297.3800048828125,293.5899963378906,294.760009765625,7930300
2025-07-31,287.88421630859375,288.7799987792969,294.9200134277344,286.04998779296875,294.70001220703125,9928100
2025-08-01,283.0692138671875,283.95001220703125,286.94000244140625,279.19000244140625,282.9100036621094,14032200
2025-08-04,289.28985595703125,290.19000244140625,290.30999755859375,285.2099914550781,286.2900085449219,5323200
2025-08-05,286.2094421386719,287.1000061035156,291.3299865722656,284.2099914550781,290.739990234375,6918300
2025-08-06,285.7309265136719,286.6199951171875,287.2300109863281,282.7699890136719,284.8299865722656,6124300
2025-08-07,290.2169494628906,291.1199951171875,294.7099914550781,288.6199951171875,292.8299865722656,8069400
2025-08-08,292.6194763183594,293.5299987792969,293.9200134277344,290.6499938964844,291.92999267578125,5121600
2025-08-11,292.4898681640625,293.3999938964844,297.0899963378906,292.7300109863281,294.510009765625,5799700
2025-08-12,299.1690979003906,300.1000061035156,300.239990234375,293.1499938964844,295.2900085449219,7592800
2025-08-13,300.345458984375,301.2799987792969,302.9800109863281,298.57000732421875,301.8399963378906,8959700
2025-08-14,300.98345947265625,301.9200134277344,302.79998779296875,297.2799987792969,298.0,5827000
2025-08-15,294.73291015625,295.6499938964844,299.3599853515625,293.94000244140625,299.3599853515625,9026300
2025-08-18,295.93914794921875,296.8599853515625,297.19000244140625,294.7799987792969,294.9200134277344,5577500
2025-08-19,289.9677429199219,290.8699951171875,297.1199951171875,290.6300048828125,296.8599853515625,8191900
2025-08-20,288.06365966796875,288.9599914550781,290.0,281.1499938964844,290.0,10091000
2025-08-21,286.56829833984375,287.4599914550781,289.8699951171875,285.8800048828125,287.7799987792969,6067700
2025-08-22,292.7291564941406,293.6400146484375,296.3599853515625,286.5400085449219,287.6300048828125,5810400
2025-08-25,293.00830078125,293.9200134277344,295.7900085449219,292.1199951171875,293.75,4965000
2025-08-26,295.8294982910156,296.75,297.239990234375,294.6700134277344,294.82000732421875,4967100
2025-08-27,296.7366638183594,297.6600036621094,298.1000061035156,294.3800048828125,295.8500061035156,5646200
2025-08-28,297.952880859375,298.8800048828125,300.7799987792969,295.9800109863281,298.1000061035156,7194000
2025-08-29,289.3895568847656,290.2900085449219,295.55999755859375,289.1000061035156,295.55999755859375,13420900
2025-09-02,285.59136962890625,286.4800109863281,286.6700134277344,281.739990234375,283.0899963378906,11543700
2025-09-03,285.54150390625,286.42999267578125,287.92999267578125,283.7799987792969,287.3599853515625,7249600
2025-09-04,288.9608459472656,289.8599853515625,290.2099914550781,284.29998779296875,285.239990234375,8079300
2025-09-05,292.3702697753906,293.2799987792969,295.1499938964844,289.25,295.07000732421875,9809600
2025-09-08,295.6001892089844,296.5199890136719,297.82000732421875,294.79998779296875,295.1400146484375,7223200
2025-09-09,296.8861999511719,297.80999755859375,297.989990234375,295.1099853515625,297.2200012207031,6797000
2025-09-10,299.8968200683594,300.8299865722656,302.3800048828125,298.7699890136719,300.5899963378906,10221400
2025-09-11,302.9872131347656,303.92999267578125,305.55999755859375,303.1700134277344,303.5400085449219,7312400
2025-09-12,303.37603759765625,304.32000732421875,305.5899963378906,303.1000061035156,305.05999755859375,5231900
2025-09-15,306.2171936035156,307.1700134277344,307.2300109863281,303.010009765625,303.82000732421875,5390200
2025-09-16,306.2570495605469,307.2099914550781,308.6700134277344,305.57000732421875,308.42999267578125,4227600
2025-09-17,304.3031311035156,305.25,307.1499938964844,301.3699951171875,306.5,9647700
2025-09-18,315.9867858886719,316.9700012207031,318.6199951171875,312.6000061035156,313.54998779296875,16335600
2025-09-19,314.7306823730469,315.7099914550781,316.510009765625,313.42999267578125,316.3999938964844,8381600
2025-09-22,321.170654296875,322.1700134277344,323.1400146484375,316.0,316.2699890136719,11618100
2025-09-23,320.7021179199219,321.70001220703125,325.3599853515625,320.0199890136719,323.1600036621094,9159000
2025-09-24,320.1139221191406,321.1099853515625,321.9599914550781,317.4700012207031,321.3999938964844,8632200
2025-09-25,320.0640869140625,321.05999755859375,322.0299987792969,313.6000061035156,316.2900085449219,9592900
2025-09-26,320.8217468261719,321.82000732421875,322.4200134277344,318.1400146484375,321.6400146484375,6886100
2025-09-29,321.65911865234375,322.6600036621094,326.8299865722656,322.4700012207031,324.6499938964844,5833600
2025-09-30,325.3476257324219,326.3599853515625,326.7200012207031,322.42999267578125,322.75,7459900
2025-10-01,332.6549072265625,333.69000244140625,334.1099853515625,324.1099853515625,324.2799987792969,9911800
2025-10-02,337.1907958984375,338.239990234375,340.0,336.55999755859375,339.6600036621094,8092600
2025-10-03,335.6356201171875,336.67999267578125,340.7799987792969,335.17999267578125,339.4100036621094,7770000
2025-10-06,342.3148498535156,343.3800048828125,348.5299987792969,343.3800048828125,345.4599914550781,10263200
2025-10-07,336.0044860839844,337.04998779296875,346.6700134277344,336.55999755859375,346.2900085449219,9365700
2025-10-08,344.99652099609375,346.07000732421875,346.4599914550781,336.4200134277344,336.7300109863281,7841500
2025-10-09,344.13916015625,345.2099914550781,347.1000061035156,342.3999938964844,346.0400085449219,5565500
2025-10-10,324.330810546875,325.3399963378906,346.489990234375,324.8299865722656,345.9700012207031,18804500
2025-10-13,338.69610595703125,339.75,341.0899963378906,335.0,337.4800109863281,11760200
2025-10-14,332.46551513671875,333.5,339.05999755859375,330.25,333.05999755859375,7296700
2025-10-15,340.7198181152344,341.7799987792969,343.0799865722656,335.510009765625,342.1000061035156,8283800
2025-10-16,342.2350769042969,343.29998779296875,347.0899963378906,339.80999755859375,346.1700134277344,9047500
2025-10-17,341.76654052734375,342.8299865722656,344.92999267578125,338.1400146484375,341.2200012207031,8396300
2025-10-20,346.1429443359375,347.2200012207031,350.04998779296875,345.6600036621094,346.0,6436900
2025-10-21,344.2288818359375,345.29998779296875,347.1000061035156,343.1600036621094,347.05999755859375,4391800
2025-10-22,337.5496826171875,338.6000061035156,344.8599853515625,332.3999938964844,342.8599853515625,8014200
2025-10-23,343.7304382324219,344.79998779296875,345.9100036621094,336.7300109863281,337.04998779296875,6422600
2025-10-24,350.0508117675781,351.1400146484375,352.94000244140625,349.82000732421875,350.5799865722656,5649300
2025-10-27,358.823486328125,359.94000244140625,360.6000061035156,356.2099914550781,357.6700134277344,6663400
2025-10-28,361.983642578125,363.1099853515625,364.6700134277344,358.4599914550781,359.6099853515625,5086000
2025-10-29,367.4665832519531,368.6099853515625,372.7799987792969,365.82000732421875,369.0799865722656,8102600
2025-10-30,362.60174560546875,363.7300109863281,369.8599853515625,363.54998779296875,367.42999267578125,6932700
2025-10-31,361.8939208984375,363.0199890136719,368.42999267578125,360.5,366.8800048828125,4917900
2025-11-03,364.9643859863281,366.1000061035156,369.4700012207031,364.69000244140625,367.69000244140625,4470500
2025-11-04,351.665771484375,352.760009765625,361.7900085449219,351.79998779296875,357.9800109863281,8269000
2025-11-05,358.3848571777344,359.5,364.2799987792969,352.7200012207031,353.1000061035156,8605400
2025-11-06,350.0009460449219,351.0899963378906,360.1499938964844,348.7099914550781,359.5899963378906,9600500
2025-11-07,347.0401611328125,348.1199951171875,348.17999267578125,336.67999267578125,346.5400085449219,14723200
2025-11-10,357.67706298828125,358.7900085449219,360.0,353.95001220703125,357.54998779296875,9180700
2025-11-11,349.9610595703125,351.04998779296875,356.0400085449219,349.739990234375,355.25,7661200
2025-11-12,354.4271545410156,355.5299987792969,357.4800109863281,352.94000244140625,356.20001220703125,5870700
2025-11-13,343.7503967285156,344.82000732421875,352.8800048828125,341.25,351.6300048828125,10654800
2025-11-14,343.909912109375,344.9800109863281,348.9100036621094,333.75,335.239990234375,12271200
2025-11-17,339.244384765625,340.29998779296875,348.3399963378906,337.04998779296875,341.94000244140625,6921300
2025-11-18,332.25616455078125,333.2900085449219,337.7900085449219,329.1199951171875,335.75,12933100
2025-11-19,338.3870849609375,339.44000244140625,343.05999755859375,333.4599914550781,334.80999755859375,9842300
2025-11-20,324.091552734375,325.1000061035156,349.7799987792969,323.69000244140625,348.8599853515625,14686700
2025-11-21,325.1183776855469,326.1300048828125,331.6199951171875,315.04998779296875,325.0,17298700
2025-11-24,338.06805419921875,339.1199951171875,340.57000732421875,328.8299865722656,329.0,10650900
2025-11-25,338.955322265625,340.010009765625,340.7200012207031,327.3500061035156,334.7300109863281,12052700
2025-11-26,346.63140869140625,347.7099914550781,350.29998779296875,343.42999267578125,344.25,5533300
2025-11-28,351.187255859375,352.2799987792969,352.57000732421875,347.7099914550781,349.1700134277344,3352700
2025-12-01,351.8651428222656,352.9599914550781,355.010009765625,348.05999755859375,348.8500061035156,3902000
2025-12-02,358.3150634765625,359.42999267578125,360.7900085449219,354.1499938964844,355.8500061035156,6657900
2025-12-03,363.23974609375,364.3699951171875,364.5799865722656,356.2300109863281,359.70001220703125,4642700
2025-12-04,360.47833251953125,361.6000061035156,364.3699951171875,359.6000061035156,363.260009765625,3971800
2025-12-05,363.28961181640625,364.4200134277344,368.5799865722656,363.5400085449219,364.4599914550781,3619200
2025-12-08,367.4067687988281,368.54998779296875,370.7200012207031,365.739990234375,368.1000061035156,4334300
2025-12-09,367.8553771972656,369.0,369.55999755859375,365.3500061035156,367.0400085449219,3173300
2025-12-10,372.9395751953125,374.1000061035156,375.5899963378906,366.92999267578125,368.9100036621094,5653300
2025-12-11,369.7395324707031,370.8900146484375,371.2200012207031,361.67999267578125,369.7799987792969,7499900
2025-12-12,353.02154541015625,354.1199951171875,367.55999755859375,352.8800048828125,366.989990234375,12705900
2025-12-15,351.8053283691406,352.8999938964844,359.20001220703125,352.19000244140625,358.1300048828125,5605800
2025-12-16,350.8482971191406,351.94000244140625,354.3900146484375,348.30999755859375,351.57000732421875,5849200
2025-12-17,338.18768310546875,339.239990234375,352.8900146484375,338.05999755859375,352.8900146484375,10780400
2025-12-18,346.1728515625,347.25,352.0899963378906,345.8299865722656,350.8399963378906,8260200
2025-12-19,355.125,356.2300109863281,358.5299987792969,350.30999755859375,350.30999755859375,8838700
2025-12-22,359.70001220703125,359.70001220703125,362.4800109863281,357.7699890136719,362.4100036621094,4799500
2025-12-23,363.1600036621094,363.1600036621094,363.29998779296875,358.05999755859375,358.6000061035156,3542100
2025-12-24,364.1700134277344,364.1700134277344,364.5400085449219,362.1499938964844,362.70001220703125,1640500
2025-12-26,365.8599853515625,365.8599853515625,367.3500061035156,364.489990234375,366.07000732421875,2921300
2025-12-29,364.2099914550781,364.2099914550781,365.82000732421875,360.82000732421875,362.6600036621094,4874400
2025-12-30,363.30999755859375,363.30999755859375,366.239990234375,363.07000732421875,365.1600036621094,2927000
2025-12-31,360.1300048828125,360.1300048828125,365.57000732421875,360.07000732421875,364.8299865722656,2687300
2026-01-02,373.29998779296875,373.29998779296875,376.3399963378906,368.8399963378906,368.95001220703125,8972400
2026-01-05,377.5899963378906,377.5899963378906,383.989990234375,376.94000244140625,381.7200012207031,9071300
2026-01-06,387.6199951171875,387.6199951171875,389.3699951171875,382.1400146484375,382.3999938964844,10201200
2026-01-07,385.0199890136719,385.0199890136719,387.80999755859375,383.5899963378906,385.20001220703125,6058900
2026-01-08,378.9800109863281,378.9800109863281,384.739990234375,375.8599853515625,384.55999755859375,5724000
2026-01-09,389.2200012207031,389.2200012207031,390.8800048828125,380.0799865722656,382.2799987792969,6490800
2026-01-12,390.6600036621094,390.6600036621094,391.9800109863281,385.6700134277344,385.6700134277344,5532000
2026-01-13,391.5299987792969,391.5299987792969,396.1000061035156,390.3800048828125,392.2699890136719,5281600
2026-01-14,388.3500061035156,388.3500061035156,389.3399963378906,383.80999755859375,388.9599914550781,6696500
2026-01-15,396.4100036621094,396.4100036621094,403.6199951171875,396.1199951171875,401.07000732421875,9948100
2026-01-16,400.3900146484375,400.3900146484375,405.30999755859375,398.4200134277344,402.8500061035156,5482300
